Region,Parameter,Estimate,CI95_lower,CI95_upper,CI_status,Lower_bound,Upper_bound,Estimate_near_lower_bound,Estimate_near_upper_bound,Estimate_with_95CI
R1,alpha1,0.010000000000000002,0.01,1.9881276603940936,lower_bound_limited,0.01,30.0,True,False,"0.01 [0.01, 1.9881]*"
R1,alpha2,1.9748086607658575,0.5562142105899844,3.045244000843825,finite,0.01,30.0,False,False,"1.9748 [0.55621, 3.0452]"
R1,kappa1,0.6544472320046952,0.4622152425937606,0.7481919387676522,finite,0.001,0.999,False,False,"0.65445 [0.46222, 0.74819]"
R1,phi,0.8539065916790651,0.739790914249295,0.8887064262335964,finite,0.0,6.283185307179586,False,False,"0.85391 [0.73979, 0.88871]"
R1,lambda,0.4620667531395527,0.2440303147498536,10.0,upper_bound_limited,0.05,10.0,False,False,"0.46207 [0.24403, 10]*"
R1,theta,0.03205460650932959,0.029922131158126235,0.03589564398704785,finite,0.001,0.5,False,False,"0.032055 [0.029922, 0.035896]"
R1,psi,1.8752470346027466,0.6788199765021927,3.0389334883079564,finite,0.001,100.0,False,False,"1.8752 [0.67882, 3.0389]"
R2,alpha1,0.010000000000000002,0.01,1.8043567490690249,lower_bound_limited,0.01,30.0,True,False,"0.01 [0.01, 1.8044]*"
R2,alpha2,1.5874246160129395,0.5161178809271796,2.4745976785373798,finite,0.01,30.0,False,False,"1.5874 [0.51612, 2.4746]"
R2,kappa1,0.6214280216339155,0.44248255990405316,0.7005799916800731,finite,0.001,0.999,False,False,"0.62143 [0.44248, 0.70058]"
R2,phi,0.8166252176567792,0.7095782569879433,0.8662747277110853,finite,0.0,6.283185307179586,False,False,"0.81663 [0.70958, 0.86627]"
R2,lambda,0.5849245157633354,0.29625214425006696,10.0,upper_bound_limited,0.05,10.0,False,False,"0.58492 [0.29625, 10]*"
R2,theta,0.03668572159413666,0.0348904700477018,0.040193409332541646,finite,0.001,0.5,False,False,"0.036686 [0.03489, 0.040193]"
R2,psi,1.1588321467175555,0.5709453947647092,1.8416017387539,finite,0.001,100.0,False,False,"1.1588 [0.57095, 1.8416]"
R3,alpha1,0.010000000000000002,0.01,0.8155237199541604,lower_bound_limited,0.01,30.0,True,False,"0.01 [0.01, 0.81552]*"
R3,alpha2,0.9240962911643549,0.5525934684674942,1.8063861143721052,finite,0.01,30.0,False,False,"0.9241 [0.55259, 1.8064]"
R3,kappa1,0.628290755211244,0.5067673429499041,0.7394247562928439,finite,0.001,0.999,False,False,"0.62829 [0.50677, 0.73942]"
R3,phi,0.8120790238735649,0.7523961554796824,0.8688471285378483,finite,0.0,6.283185307179586,False,False,"0.81208 [0.7524, 0.86885]"
R3,lambda,1.4843399708376566,0.45260612859020716,10.0,upper_bound_limited,0.05,10.0,False,False,"1.4843 [0.45261, 10]*"
R3,theta,0.038283421103934706,0.03691560593264738,0.04072618449661037,finite,0.001,0.5,False,False,"0.038283 [0.036916, 0.040726]"
R3,psi,0.9217232416504203,0.6279549790768872,1.7440975659459448,finite,0.001,100.0,True,False,"0.92172 [0.62795, 1.7441]"
R4,alpha1,0.010000001295467915,0.01,0.35187258754992895,lower_bound_limited,0.01,30.0,True,False,"0.01 [0.01, 0.35187]*"
R4,alpha2,0.6734644933215911,0.55046381738708,0.9709600519597611,finite,0.01,30.0,False,False,"0.67346 [0.55046, 0.97096]"
R4,kappa1,0.41148822459517936,0.35525147478376995,0.47373372533926084,finite,0.001,0.999,False,False,"0.41149 [0.35525, 0.47373]"
R4,phi,0.870523956014372,0.7938467363520453,0.899854339602869,finite,0.0,6.283185307179586,False,False,"0.87052 [0.79385, 0.89985]"
R4,lambda,2.9793181016293433,1.1102386471725305,10.0,upper_bound_limited,0.05,10.0,False,False,"2.9793 [1.1102, 10]*"
R4,theta,0.0504824452783603,0.04765718730748937,0.05718510423991927,finite,0.001,0.5,False,False,"0.050482 [0.047657, 0.057185]"
R4,psi,0.55762968191018,0.5183353478387585,0.7645505882263959,finite,0.001,100.0,True,False,"0.55763 [0.51834, 0.76455]"
R5,alpha1,1.2327949139265115,1.193170187194953,1.2525550542371429,finite,0.01,30.0,False,False,"1.2328 [1.1932, 1.2526]"
R5,alpha2,0.010000000000000002,0.01,0.05733860321008447,lower_bound_limited,0.01,30.0,True,False,"0.01 [0.01, 0.057339]*"
R5,kappa1,0.24242168025169789,0.21443863756982148,0.26818471291945606,finite,0.001,0.999,False,False,"0.24242 [0.21444, 0.26818]"
R5,phi,1.0464842893437616,0.9988076895693725,1.07333700382402,finite,0.0,6.283185307179586,False,False,"1.0465 [0.99881, 1.0733]"
R5,lambda,0.08803861285798707,0.0701026185282688,0.1103127778932674,finite,0.05,10.0,True,False,"0.088039 [0.070103, 0.11031]"
R5,theta,0.07450514114126723,0.07024893818146856,0.0801607682895241,finite,0.001,0.5,False,False,"0.074505 [0.070249, 0.080161]"
R5,psi,11.13345086166247,10.280030795983354,12.91458441815937,finite,0.001,100.0,False,False,"11.133 [10.28, 12.915]"
R6,alpha1,0.010000000000000002,0.01,0.21343472558312085,lower_bound_limited,0.01,30.0,True,False,"0.01 [0.01, 0.21343]*"
R6,alpha2,0.6824384892124452,0.5603363217779904,0.9349410598189524,finite,0.01,30.0,False,False,"0.68244 [0.56034, 0.93494]"
R6,kappa1,0.40591470036596156,0.35800600364197716,0.45814756812069235,finite,0.001,0.999,False,False,"0.40591 [0.35801, 0.45815]"
R6,phi,1.1123013998775253,1.0388157341788196,1.141400436465732,finite,0.0,6.283185307179586,False,False,"1.1123 [1.0388, 1.1414]"
R6,lambda,2.7298128356792004,1.1726678018473873,10.0,upper_bound_limited,0.05,10.0,False,False,"2.7298 [1.1727, 10]*"
R6,theta,0.046692513754974775,0.04493893297274727,0.05023950797268883,finite,0.001,0.5,False,False,"0.046693 [0.044939, 0.05024]"
R6,psi,0.9573337016024412,0.9082033798520206,1.2456991671957918,finite,0.001,100.0,True,False,"0.95733 [0.9082, 1.2457]"
R7,alpha1,0.010000000000000002,0.01,0.279607021834139,lower_bound_limited,0.01,30.0,True,False,"0.01 [0.01, 0.27961]*"
R7,alpha2,0.6226611025292224,0.4983138682921416,0.8958591319777459,finite,0.01,30.0,False,False,"0.62266 [0.49831, 0.89586]"
R7,kappa1,0.7102292663295887,0.6074335122363238,0.8320317709299003,finite,0.001,0.999,False,False,"0.71023 [0.60743, 0.83203]"
R7,phi,0.9082006585540425,0.8428424913249379,0.9465454884662512,finite,0.0,6.283185307179586,False,False,"0.9082 [0.84284, 0.94655]"
R7,lambda,2.9080218542811105,1.1164868484928694,10.0,upper_bound_limited,0.05,10.0,False,False,"2.908 [1.1165, 10]*"
R7,theta,0.03974030790732587,0.03877004042454247,0.04126107469199036,finite,0.001,0.5,False,False,"0.03974 [0.03877, 0.041261]"
R7,psi,1.2819944849086888,1.1906691135767518,1.7939679823522703,finite,0.001,100.0,False,False,"1.282 [1.1907, 1.794]"
R8,alpha1,1.2027824245307486,1.1632989361643171,1.2074909677320793,finite,0.01,30.0,False,False,"1.2028 [1.1633, 1.2075]"
R8,alpha2,0.010000000000000002,0.01,0.11595292224154169,lower_bound_limited,0.01,30.0,True,False,"0.01 [0.01, 0.11595]*"
R8,kappa1,0.25394483046746974,0.22068857288002458,0.2957781301500474,finite,0.001,0.999,False,False,"0.25394 [0.22069, 0.29578]"
R8,phi,1.0362443930430243,0.967744112562278,1.0723803968033685,finite,0.0,6.283185307179586,False,False,"1.0362 [0.96774, 1.0724]"
R8,lambda,0.068914180136951,0.05504425717810548,0.08496910551452554,finite,0.05,10.0,True,False,"0.068914 [0.055044, 0.084969]"
R8,theta,0.07704300477610153,0.07033724356936691,0.08496845139552271,finite,0.001,0.5,False,False,"0.077043 [0.070337, 0.084968]"
R8,psi,14.880868941929448,13.91798022600806,16.984421290004107,finite,0.001,100.0,False,False,"14.881 [13.918, 16.984]"
R9,alpha1,0.010000000000000002,0.01,1.0996386871807589,lower_bound_limited,0.01,30.0,True,False,"0.01 [0.01, 1.0996]*"
R9,alpha2,2.4972796593063515,0.4253615835418064,3.3044730120543226,finite,0.01,30.0,False,False,"2.4973 [0.42536, 3.3045]"
R9,kappa1,0.6305328639273229,0.29410635017540365,0.7103285135443457,finite,0.001,0.999,False,False,"0.63053 [0.29411, 0.71033]"
R9,phi,1.1106311052858377,0.9985367636167638,1.172974749535581,finite,0.0,6.283185307179586,False,False,"1.1106 [0.99854, 1.173]"
R9,lambda,0.2426332167109854,0.167992384568247,0.8276585651006056,finite,0.05,10.0,False,False,"0.24263 [0.16799, 0.82766]"
R9,theta,0.05313317299005353,0.049401926167117687,0.05893594931293463,finite,0.001,0.5,False,False,"0.053133 [0.049402, 0.058936]"
R9,psi,3.4102678491892635,2.0338584329031777,4.823134902837468,finite,0.001,100.0,False,False,"3.4103 [2.0339, 4.8231]"
R10,alpha1,0.010000000000000002,0.01,0.3058384987948029,lower_bound_limited,0.01,30.0,True,False,"0.01 [0.01, 0.30584]*"
R10,alpha2,2.561494394660695,1.7427582624384201,3.2008034176885976,finite,0.01,30.0,False,False,"2.5615 [1.7428, 3.2008]"
R10,kappa1,0.6930843723933477,0.6073218952746727,0.7580054102176964,finite,0.001,0.999,False,False,"0.69308 [0.60732, 0.75801]"
R10,phi,0.7733501898492762,0.7181278342716865,0.7884189599088658,finite,0.0,6.283185307179586,False,False,"0.77335 [0.71813, 0.78842]"
R10,lambda,0.29988358424871076,0.21604689214617834,0.46518410172680985,finite,0.05,10.0,False,False,"0.29988 [0.21605, 0.46518]"
R10,theta,0.03469466981634665,0.033234404906462935,0.03742602616929376,finite,0.001,0.5,False,False,"0.034695 [0.033234, 0.037426]"
R10,psi,2.69136513708212,2.115540709891696,3.5013700737453535,finite,0.001,100.0,False,False,"2.6914 [2.1155, 3.5014]"
